Country_Name,Deaths,Confirmed
Afghanistan,7896,209451
Albania,3598,334457
Algeria,6881,271496
Andorra,165,47890
Angola,1933,105288
Antarctica,0,11
Antigua and Barbuda,146,9106
Argentina,130472,10044957
Armenia,8727,447308
Australia,228,232974
Australia,6529,3915992
Australia,91,105111
Australia,2783,1800236
Australia,1365,883620
Australia,256,287507
Australia,7370,2880559
Australia,952,1293461
Austria,21970,5961143
Azerbaijan,10138,828825
Bahamas,833,37491
Bahrain,1553,710693
Bangladesh,29445,2037871
Barbados,579,106798
Belarus,7118,994037
Belgium,0,766206
Belgium,0,505467
Belgium,0,645338
Belgium,0,464722
Belgium,0,519111
Belgium,0,419029
Belgium,0,351474
Belgium,0,122942
Belgium,0,202905
Belgium,33814,63364
Belgium,0,173827
Belgium,0,504980
Belize,688,70757
Benin,163,27999
Bhutan,21,62627
Bolivia,22365,1194277
Bosnia and Herzegovina,16280,401729
Botswana,2801,329758
Brazil,2043,160433
Brazil,7242,337535
Brazil,2167,185668
Brazil,14443,631976
Brazil,31459,1792572
Brazil,28157,1453572
Brazil,11844,897897
Brazil,15041,1323318
Brazil,28036,1898605
Brazil,11053,493391
Brazil,15087,878360
Brazil,11010,607356
Brazil,65507,4189760
Brazil,19021,871612
Brazil,10542,707743
Brazil,46018,2918459
Brazil,22686,1156640
Brazil,8354,424866
Brazil,8715,585935
Brazil,41919,2961756
Brazil,76844,2752662
Brazil,7432,482910
Brazil,2180,182485
Brazil,22703,1985888
Brazil,179039,6469442
Brazil,6502,359674
Brazil,4232,365538
Brunei,225,279661
Bulgaria,38228,1297523
Burkina Faso,396,22056
Burma,19490,633950
Burundi,38,53631
Cabo Verde,413,63244
Cambodia,3056,138719
Cameroon,1965,124392
Canada,5622,629269
Canada,5249,396817
Canada,1,0
Canada,0,13
Canada,2464,154712
Canada,834,88866
Canada,318,54757
Canada,22,11511
Canada,794,140793
Canada,7,3531
Canada,16234,1601325
Canada,93,56523
Canada,18160,1320325
Canada,0,13
Canada,1890,153651
Canada,32,4989
Central African Republic,113,15368
Chad,194,7679
Chile,1961,183811
Chile,2922,293632
Chile,900,79718
Chile,718,116955
Chile,222,36352
Chile,4824,510730
Chile,1951,211158
Chile,2577,243060
Chile,1411,148252
Chile,774,67653
Chile,3354,346804
Chile,30869,1967389
Chile,1333,158355
Chile,2821,221916
Chile,1173,113542
Chile,2,42
Chile,6461,492917
China,7,2275
China,20,40774
China,11,14715
China,2,17122
China,2,1742
China,10,103248
China,2,13371
China,2,2534
China,6,10483
China,7,3292
China,18,6603
China,23,9948
China,13467,2876106
China,4515,72131
China,4,7437
China,1,8847
China,0,5075
China,2,3423
China,5,40764
China,2,3547
China,121,3514
China,0,1276
China,0,782
China,5,7326
China,10,5880
China,595,67040
China,1,7167
China,12,14567
China,3,4392
China,0,1647
China,82195,1521816
China,3,3089
China,4,9743
China,1,11848
Colombia,265,7851
Colombia,18617,950809
Colombia,569,17130
Colombia,10230,417897
Colombia,3276,203497
Colombia,2903,130254
Colombia,2580,119792
Colombia,30051,1874877
Colombia,1041,25704
Colombia,1029,43079
Colombia,1854,76788
Colombia,2694,109404
Colombia,430,18891
Colombia,3961,122594
Colombia,7398,330221
Colombia,37,2795
Colombia,105,5683
Colombia,3593,103346
Colombia,1548,58097
Colombia,3655,117751
Colombia,2609,107879
Colombia,3418,108552
Colombia,5192,125260
Colombia,791,21998
Colombia,2086,73182
Colombia,2514,110026
Colombia,157,10375
Colombia,8382,295934
Colombia,1747,67157
Colombia,4092,127417
Colombia,0,0
Colombia,15428,569412
Colombia,22,1964
Colombia,65,3477
Comoros,161,9008
Congo (Brazzaville),388,25087
Congo (Kinshasa),1464,95749
Costa Rica,9245,1209725
Cote d'Ivoire,834,88263
Croatia,17987,1269326
Cuba,8530,1112643
Cyprus,1330,650685
Czechia,42491,4618256
Denmark,28,34658
Denmark,21,11971
Denmark,8296,3404407
Diamond Princess,13,712
Djibouti,189,15690
Dominica,74,15760
Dominican Republic,4384,660790
Ecuador,36014,1057121
Egypt,24812,515759
El Salvador,4230,201785
Equatorial Guinea,183,17229
Eritrea,103,10189
Estonia,2946,615433
Eswatini,1425,74267
Ethiopia,7572,500116
Fiji,883,68898
Finland,8967,1463644
France,413,98041
France,649,78055
France,1010,201886
France,1092,229020
France,187,42004
France,314,80017
France,921,494595
France,6,5441
France,2,3452
France,63,12271
France,7,3427
France,161512,38618509
Gabon,306,48981
Gambia,372,12598
Georgia,16971,1827537
Germany,19297,5063979
Germany,28680,6741523
Germany,5564,1430661
Germany,6506,1113946
Germany,968,303612
Germany,3614,807013
Germany,12436,2928587
Germany,2770,711570
Germany,13718,3860773
Germany,31400,8048396
Germany,6971,1769913
Germany,2132,492792
Germany,16814,1955828
Germany,6286,961147
Germany,3481,1175406
Germany,8298,883914
Germany,0,0
Ghana,1462,171229
Greece,34779,5548487
Grenada,238,19680
Guatemala,20182,1238247
Guinea,467,38267
Guinea-Bissau,176,8960
Guyana,1298,73075
Haiti,860,34202
Holy See,0,29
Honduras,11111,472250
Hungary,48762,2196804
Iceland,263,209137
India,129,10751
India,14733,2339096
India,296,66891
India,8035,746100
India,12303,851427
India,1182,99370
India,14146,1177804
India,4,11591
India,26523,2007605
India,4013,259167
India,11046,1277848
India,10714,1056770
India,4213,312820
India,4785,479513
India,5331,442579
India,40312,4074536
India,71589,6831358
India,231,29425
India,52,11415
India,10777,1054978
India,148424,8138129
India,2149,139924
India,1625,96788
India,726,238969
India,782,35988
India,9205,1336717
India,1975,175872
India,19289,785724
India,9656,1315637
India,500,44325
India,38049,3595123
India,4111,841897
India,940,108034
India,0,0
India,23648,2128222
India,7753,449488
India,21533,2118857
Indonesia,160941,6738225
Iran,144933,7572311
Iraq,25375,2465545
Ireland,8708,1704502
Israel,12329,4803824
Italy,3931,651674
Italy,1021,199646
Italy,3347,631613
Italy,11791,2444797
Italy,19283,2136671
Italy,5998,575033
Italy,12787,2385069
Italy,5880,661284
Italy,45558,4118413
Italy,4399,714100
Italy,719,101826
Italy,1610,293808
Italy,1647,243951
Italy,13828,1719738
Italy,9646,1626850
Italy,2923,509829
Italy,12692,1817733
Italy,11574,1589964
Italy,2449,438301
Italy,567,50448
Italy,16672,2692762
Jamaica,3514,154416
Japan,4285,2100094
Japan,588,199130
Japan,640,277922
Japan,3874,1456535
Japan,683,314430
Japan,196,198871
Japan,3164,1579850
Japan,826,401096
Japan,1102,538509
Japan,1077,437760
Japan,1346,796053
Japan,4532,1333535
Japan,3796,1461481
Japan,1279,634322
Japan,501,277113
Japan,609,233500
Japan,613,251256
Japan,877,439610
Japan,4249,2207465
Japan,584,168352
Japan,1292,532492
Japan,1645,674377
Japan,1038,457736
Japan,938,534019
Japan,773,318969
Japan,861,454729
Japan,635,335188
Japan,855,344394
Japan,431,452535
Japan,762,301877
Japan,838,488838
Japan,926,576111
Japan,8401,2818795
Japan,8,22118
Japan,489,260131
Japan,3892,1790744
Japan,669,372032
Japan,296,166928
Japan,1375,862305
Japan,1058,419841
Japan,411,165538
Japan,7998,4323708
Japan,260,140744
Japan,312,235567
Japan,0,173
Japan,516,237568
Japan,355,224910
Japan,741,311938
Japan,401,189249
Jordan,14122,1746997
Kazakhstan,19071,1498668
Kenya,5688,342937
Kiribati,18,5014
"Korea, North",6,1
"Korea, South",34093,30615522
Kosovo,3211,273312
Kuwait,2570,663860
Kyrgyzstan,2991,206708
Laos,758,218023
Latvia,6269,976255
Lebanon,10841,1232828
Lesotho,723,34790
Liberia,295,8090
Libya,6437,507187
Liechtenstein,89,21432
Lithuania,9596,1307448
Luxembourg,1220,317367
MS Zaandam,2,9
Madagascar,1423,67889
Malawi,2686,88707
Malaysia,4715,398660
Malaysia,2740,318825
Malaysia,1424,260181
Malaysia,1203,145426
Malaysia,1537,231174
Malaysia,1032,182784
Malaysia,2125,239281
Malaysia,198,19014
Malaysia,2064,307725
Malaysia,3202,406937
Malaysia,1788,324659
Malaysia,10985,1551065
Malaysia,899,133075
Malaysia,0,0
Malaysia,2865,470285
Malaysia,158,22981
Malaysia,32,32646
Maldives,311,185738
Mali,743,33062
Malta,828,117610
Marshall Islands,17,15649
Mauritania,997,63668
Mauritius,1044,296042
Mexico,3630,90837
Mexico,12508,175704
Mexico,2780,128552
Mexico,2298,44242
Mexico,2453,57462
Mexico,10239,172643
Mexico,44044,1858660
Mexico,9039,187173
Mexico,2255,70936
Mexico,3696,81548
Mexico,15219,368546
Mexico,6879,119037
Mexico,8647,127406
Mexico,20146,296024
Mexico,48238,743439
Mexico,9037,115872
Mexico,5461,99708
Mexico,3274,76268
Mexico,15503,422027
Mexico,6404,157238
Mexico,16748,221279
Mexico,6426,185519
Mexico,4459,120075
Mexico,7666,252685
Mexico,9972,182235
Mexico,10349,201304
Mexico,6182,221468
Mexico,8329,183092
Mexico,3142,60467
Mexico,0,0
Mexico,17162,235708
Mexico,7010,142925
Mexico,3993,83365
Micronesia,61,23948
Moldova,12003,611140
Monaco,67,16121
Mongolia,2136,1007900
Montenegro,2808,288808
Morocco,16296,1272490
Mozambique,2242,233214
Namibia,4090,171156
Nauru,1,5247
Nepal,12020,1001154
Netherlands,282,44044
Netherlands,41,11804
Netherlands,301,45986
Netherlands,464,216395
Netherlands,341,195741
Netherlands,624,292969
Netherlands,2952,1053625
Netherlands,368,263961
Netherlands,2209,566571
Netherlands,3783,1305321
Netherlands,3508,1414184
Netherlands,1459,599261
Netherlands,91,11020
Netherlands,2,0
Netherlands,1581,708169
Netherlands,402,180656
Netherlands,5299,1803128
New Zealand,2,7031
New Zealand,0,792
New Zealand,2548,2228291
Nicaragua,245,15655
Niger,315,9508
Nigeria,3155,266598
North Macedonia,9662,346852
Norway,5213,1479506
Oman,4628,399449
Pakistan,793,44343
Pakistan,378,36047
Pakistan,191,12095
Pakistan,1031,139844
Pakistan,6376,225115
Pakistan,13618,524161
Pakistan,8257,595806
Palau,9,5991
Panama,8609,1031731
Papua New Guinea,670,46825
Paraguay,19878,808401
Peru,1409,51138
Peru,7382,159243
Peru,1694,46163
Peru,10600,291043
Peru,2407,55696
Peru,4605,111937
Peru,10884,170402
Peru,5287,146229
Peru,1300,30172
Peru,2976,60660
Peru,9114,130224
Peru,7614,155282
Peru,11027,181814
Peru,9486,129893
Peru,96723,2110001
Peru,4471,64716
Peru,888,21303
Peru,1718,64321
Peru,1140,29033
Peru,13228,181347
Peru,4843,78232
Peru,3239,70196
Peru,2256,66032
Peru,1752,33866
Peru,3301,45826
Peru,195,2784
Philippines,66188,4077452
Poland,119010,6444960
Portugal,26266,5570473
Qatar,688,495090
Romania,67736,3346046
Russia,1029,54892
Russia,8861,320691
Russia,631,40254
Russia,766,129144
Russia,1795,277116
Russia,3121,134664
Russia,6020,356814
Russia,2336,168582
Russia,4146,188152
Russia,3124,155600
Russia,1076,47057
Russia,8277,404282
Russia,45,7457
Russia,4716,110947
Russia,3631,103374
Russia,553,43591
Russia,8711,364565
Russia,3247,134774
Russia,562,22510
Russia,1935,74999
Russia,2080,201778
Russia,843,60000
Russia,1454,125656
Russia,629,45835
Russia,991,51990
Russia,1526,166710
Russia,2917,218261
Russia,1565,229418
Russia,2428,104162
Russia,2608,263154
Russia,1101,167182
Russia,3264,195725
Russia,1480,103604
Russia,11159,351663
Russia,11285,432528
Russia,1552,126942
Russia,2540,152631
Russia,3510,248849
Russia,3959,180099
Russia,395,22734
Russia,1087,52514
Russia,1396,86196
Russia,48306,3439248
Russia,15476,1142918
Russia,3412,147748
Russia,104,8423
Russia,11843,512578
Russia,1280,46439
Russia,1071,118176
Russia,5758,314863
Russia,4623,237613
Russia,1981,137045
Russia,4030,243942
Russia,6235,227708
Russia,9262,464121
Russia,1966,214604
Russia,1965,127429
Russia,11081,446218
Russia,3499,152902
Russia,37204,1889985
Russia,2142,220267
Russia,834,70212
Russia,8235,519743
Russia,6001,313794
Russia,3196,147340
Russia,7128,252978
Russia,10936,582157
Russia,2530,140923
Russia,2010,199811
Russia,983,163415
Russia,5366,191150
Russia,2772,186301
Russia,4371,265894
Russia,358,54106
Russia,3977,241017
Russia,4820,229351
Russia,3607,181641
Russia,6915,269046
Russia,3894,222415
Russia,8621,484179
Russia,1060,154098
Russia,2896,193517
Russia,2379,193447
Rwanda,1468,133194
Saint Kitts and Nevis,47,6597
Saint Lucia,409,30004
Saint Vincent and the Grenadines,123,9589
Samoa,29,16607
San Marino,122,23616
Sao Tome and Principe,77,6281
Saudi Arabia,9618,830127
Senegal,1971,88926
Serbia,17881,2500142
Seychelles,172,50665
Sierra Leone,126,7760
Singapore,1722,2235294
Slovakia,21035,2667551
Slovenia,7078,1331707
Solomon Islands,153,24575
Somalia,1361,27324
South Africa,102595,4067067
South Sudan,138,18368
Spain,15575,1633494
Spain,5448,465284
Spain,3460,265836
Spain,1628,315314
Spain,10391,1587186
Spain,2270,465160
Spain,989,162858
Spain,8110,611185
Spain,9433,848587
Spain,21125,2682569
Spain,194,24701
Spain,2719,310495
Spain,4070,752348
Spain,965,111161
Spain,20608,1989045
Spain,170,25460
Spain,2545,465199
Spain,1762,258093
Spain,8017,796454
Spain,0,0
Sri Lanka,16830,672039
Sudan,5017,63829
Summer Olympics 2020,0,865
Suriname,1404,82467
Sweden,212,32341
Sweden,663,81036
Sweden,841,76018
Sweden,101,12356
Sweden,651,113192
Sweden,225,35377
Sweden,859,92621
Sweden,455,65694
Sweden,445,54019
Sweden,557,52095
Sweden,628,104344
Sweden,1031,101906
Sweden,2996,357548
Sweden,794,71803
Sweden,6239,620000
Sweden,823,97754
Sweden,515,73008
Sweden,464,62564
Sweden,791,58776
Sweden,642,81139
Sweden,3845,455748
Switzerland,14210,4413911
Syria,3164,57467
Taiwan*,17672,9970937
Tajikistan,125,17786
Tanzania,846,42906
Thailand,33918,4728182
Timor-Leste,138,23419
Togo,290,39396
Tonga,13,16810
Trinidad and Tobago,4355,189918
Tunisia,29341,1151126
Turkey,101492,17042722
Tuvalu,0,2805
US,232,19790
US,727,69860
US,103,7485
US,109,8091
US,261,18704
US,54,3030
US,132,6551
US,680,41421
US,172,10859
US,89,6755
US,219,13009
US,39,2259
US,107,8553
US,93,5162
US,72,4428
US,245,17185
US,279,21291
US,76,3604
US,64,3776
US,261,11804
US,110,4738
US,398,31520
US,245,16507
US,259,11031
US,345,22522
US,362,29837
US,179,12367
US,692,34229
US,100,5887
US,154,12033
US,172,7969
US,54,2309
US,110,5728
US,79,5866
US,531,32660
US,256,18379
US,2535,238727
US,73,4737
US,420,30406
US,181,9389
US,372,47646
US,320,32150
US,80,3370
US,90,5293
US,1060,116086
US,116,6093
US,160,10113
US,410,32967
US,1802,134986
US,88,6742
US,1010,73840
US,551,46540
US,0,0
US,49,2673
US,122,6339
US,142,9264
US,79,6527
US,100,13030
US,482,78112
US,441,33302
US,55,3176
US,397,28602
US,253,14611
US,854,70976
US,0,0
US,480,24154
US,61,4397
US,48,3659
US,141,9427
US,5,1332
US,3,2003
US,612,124334
US,47,13021
US,0,0
US,1,1240
US,13,2407
US,11,1326
US,2,1803
US,13,2271
US,172,33699
US,1,798
US,29,11995
US,130,22694
US,27,5148
US,13,5899
US,15,4952
US,277,40792
US,7,7617
US,17,5532
US,22,5794
US,8,940
US,10,1848
US,10,3521
US,0,675
US,21,2482
US,0,6
US,0,0
US,2,786
US,5,983
US,13,1757
US,34,8320
US,639,36336
US,643,39086
US,526,52821
US,415,21401
US,189,14101
US,40,2717
US,159,5950
US,18846,1530296
US,1669,67291
US,971,48374
US,0,0
US,4301,317052
US,1814,156974
US,245,19628
US,0,0
US,1388,60313
US,1257,71174
US,95,7009
US,82,6249
US,283,10722
US,1002,77394
US,203,11277
US,57,3595
US,14,1194
US,123,7284
US,65,3126
US,92,6412
US,101,5146
US,148,8055
US,42,2677
US,105,6794
US,84,6606
US,388,47352
US,295,18657
US,246,16702
US,104,5745
US,41,2071
US,44,3656
US,84,5638
US,358,42997
US,82,4488
US,99,3108
US,581,27083
US,65,5252
US,201,19801
US,83,5638
US,161,13058
US,64,4657
US,231,12797
US,78,4712
US,76,7280
US,316,22364
US,103,8197
US,30,1507
US,90,6526
US,68,3344
US,70,5502
US,109,3888
US,91,6069
US,270,23994
US,69,4857
US,95,4100
US,210,11628
US,235,16411
US,39,2309
US,67,1770
US,47,2770
US,54,2051
US,126,6776
US,43,3017
US,106,5887
US,49,2964
US,139,10113
US,160,4652
US,230,20964
US,46,2416
US,1322,127945
US,107,6456
US,395,37142
US,49,2852
US,53,2562
US,587,39338
US,84,7125
US,123,5714
US,110,8565
US,80,3702
US,0,33605
US,204,11292
US,67,4340
US,709,80947
US,340,27120
US,33,2274
US,118,7596
US,2192,402160
US,0,143
US,99,11553
US,487,51967
US,140,9650
US,22,5346
US,1559,295633
US,60,8405
US,245,39170
US,3001,329460
US,58,7811
US,170,29324
US,978,88972
US,63,6072
US,2625,310792
US,481,67356
US,157,14941
US,66,11319
US,35545,3710586
US,388,55217
US,317,54908
US,42,4545
US,143,21739
US,903,89409
US,11,1327
US,8,3633
US,804,122120
US,170,35992
US,133,22495
US,7971,788663
US,0,0
US,682,91376
US,15,4290
US,6853,776620
US,3719,409095
US,117,18800
US,8170,745179
US,5799,1067659
US,1178,209846
US,2421,227031
US,561,74632
US,912,194587
US,763,119952
US,2727,497526
US,276,72428
US,607,44785
US,5,372
US,96,8908
US,482,122718
US,556,119546
US,1845,168343
US,241,28309
US,234,17875
US,24,1981
US,1578,168754
US,203,17914
US,0,4384
US,1679,239184
US,443,54973
US,135,21924
US,1466,166371
US,68,5953
US,1368,197066
US,24,3534
US,17,1027
US,50,3004
US,447,91179
US,133,18376
US,56,5662
US,12,392
US,13,1931
US,58,2303
US,19,961
US,33,3558
US,23,837
US,161,7202
US,1524,224919
US,8,424
US,498,100968
US,39,18833
US,1904,237195
US,48,5836
US,210,18767
US,104,18041
US,7,1171
US,30,4053
US,16,3970
US,0,161
US,41,1764
US,0,195
US,1554,160677
US,6,392
US,32,1877
US,99,15836
US,2,2203
US,606,109313
US,51,4408
US,11,2382
US,119,8661
US,639,51841
US,4,303
US,55,3738
US,90,7673
US,183,11179
US,148,6973
US,137,5320
US,6,1118
US,0,0
US,24,3499
US,20,1123
US,9,8081
US,52,3226
US,880,61961
US,15,2236
US,47,3634
US,34,7882
US,12,1524
US,0,316
US,8,2713
US,12,582
US,15,12072
US,67,5913
US,25,261
US,35,1262
US,780,106227
US,27,2342
US,3017,264399
US,3494,237105
US,532,41816
US,547,38840
US,3165,257919
US,784,73980
US,317,27913
US,9,3271
US,355,31414
US,724,64447
US,1608,186969
US,992,78267
US,0,1110
US,0,49
US,1432,177945
US,833,89806
US,154,10746
US,894,56189
US,177,9245
US,2513,175277
US,6770,774980
US,111,4939
US,1009,48860
US,1146,39070
US,979,67269
US,1174,106604
US,472,25731
US,175,11287
US,89,4938
US,3872,319149
US,1479,98081
US,438,29013
US,58,3580
US,246,17803
US,109,5663
US,38,2311
US,90,5043
US,64,4585
US,141,10362
US,174,13827
US,1286,53794
US,807,30739
US,4409,479640
US,107,6384
US,763,42698
US,301,18364
US,70,5046
US,65,3157
US,1811,109346
US,2557,243110
US,794,114380
US,192,12803
US,31,2997
US,108,7053
US,1743,123507
US,2497,105662
US,768,40724
US,12285,1552197
US,138,22919
US,355,27713
US,768,62183
US,200,12495
US,3301,475796
US,1273,144497
US,6031,481679
US,2280,159816
US,4065,277006
US,3450,260300
US,469,21209
US,695,59416
US,2063,122219
US,1282,132095
US,706,78720
US,1413,96060
US,720,30228
US,360,16028
US,116,8109
US,396,3307
US,126,5131
US,2341,151166
US,143,12188
US,236,20605
US,124,7746
US,136,5266
US,58,2449
US,82,4098
US,15,654
US,262,11199
US,101,4586
US,291,26052
US,488,35396
US,125,4991
US,96,5876
US,836,45403
US,111,3938
US,116,4689
US,101,4061
US,112,11203
US,283,17869
US,124,6296
US,181,7680
US,25,1571
US,140,13653
US,110,2581
US,500,28396
US,205,16998
US,65,3485
US,1042,79653
US,24,7924
US,152,7581
US,713,75790
US,264,35334
US,7,625
US,1095,77902
US,46,2457
US,2102,216663
US,308,11781
US,278,13042
US,438,43298
US,83,5707
US,527,41221
US,64,2225
US,146,5596
US,44,3942
US,108,8345
US,1980,192315
US,144,8566
US,174,5942
US,76,2844
US,577,24389
US,462,43478
US,65,3126
US,12,1059
US,217,16399
US,121,5334
US,168,6781
US,70,2836
US,180,5768
US,387,29631
US,572,32150
US,466,66837
US,116,6176
US,2667,276219
US,199,8267
US,31,727
US,442,27259
US,305,19761
US,114,6835
US,91,4758
US,2122,257462
US,290,11488
US,935,63629
US,91,1945
US,186,6292
US,125,7114
US,112,5609
US,62,2583
US,758,72008
US,545,49515
US,57,2226
US,314,24990
US,83,3797
US,77,4357
US,122,4238
US,69,1789
US,86,2645
US,127,6040
US,131,5842
US,32,2698
US,330,16454
US,113,8668
US,168,15774
US,40,1838
US,36,3479
US,434,36984
US,139,8941
US,54,2737
US,123,8025
US,57,1872
US,114,6165
US,39,2857
US,159,5576
US,32,2033
US,127,6277
US,185,7074
US,57,2329
US,75,5534
US,206,13523
US,928,45908
US,498,30775
US,117,10559
US,65,3758
US,1654,99220
US,477,46667
US,151,7951
US,194,10130
US,144,6431
US,109,6495
US,215,13752
US,84,2699
US,115,5270
US,5,551
US,106,4116
US,50,1825
US,972,60659
US,351,23742
US,11,1412
US,76,3174
US,39,2510
US,452,19289
US,183,7270
US,36,3287
US,190,8733
US,35,1381
US,4,337
US,144,5725
US,53,2440
US,90,3520
US,71,2547
US,235,13776
US,240,13823
US,216,7999
US,127,3085
US,71,1882
US,426,18779
US,65,3186
US,74,1852
US,2,12410
US,182,6138
US,259,9619
US,291,19976
US,480,26614
US,304,11350
US,35,1291
US,141,5134
US,222,8867
US,10,545
US,39,1590
US,185,8336
US,494,39243
US,73,2414
US,55,2624
US,67,2670
US,125,5532
US,3,103
US,420,61027
US,237,42594
US,1355,264197
US,50,19155
US,185,45510
US,14,9152
US,0,0
US,1139,160373
US,16,819
US,273,24459
US,19,1155
US,45,2770
US,175,11205
US,33,7310
US,14,1297
US,201,10275
US,305,35614
US,69,2416
US,12,555
US,2,182
US,738,70696
US,35,1664
US,58,5610
US,1,118
US,40,2693
US,9,707
US,74,9096
US,31,2594
US,30,2415
US,86,4263
US,61,3932
US,59,3601
US,69,6853
US,68,7118
US,669,47262
US,57,7725
US,28,1796
US,32,1406
US,15,1300
US,58,13800
US,71,4821
US,161,10618
US,12,956
US,56,2613
US,92,6793
US,20,1660
US,80,3119
US,9,2937
US,315,28733
US,0,0
US,18,3146
US,61,2645
US,234,27974
US,16,1574
US,31,5310
US,127,17550
US,17,2873
US,136,10275
US,6,1900
US,57,5022
US,38,5620
US,315,86054
US,119,13026
US,54,5933
US,76,5921
US,118,14392
US,189,18977
US,15289,1533935
US,50,7889
US,40,4004
US,42,5211
US,217,32553
US,63,7943
US,1859,289813
US,60,6660
US,29,2125
US,147,12823
US,106,8753
US,71,5516
US,186,15422
US,139,12788
US,20,1850
US,49,4281
US,154,16326
US,32,2668
US,52,5396
US,20,1447
US,19,1576
US,135,15932
US,131,8886
US,143,20182
US,33,3224
US,185,13589
US,80,7873
US,46,5182
US,44,5572
US,1216,166146
US,386,36784
US,171,41814
US,245,16232
US,421,37187
US,1544,210403
US,45,6844
US,92,11614
US,145,13246
US,101,12678
US,373,40343
US,149,16079
US,857,87637
US,223,14693
US,34,3481
US,67,4730
US,73,4663
US,109,9086
US,525,98211
US,332,64188
US,29,4598
US,51,4931
US,135,11440
US,112,12176
US,138,12381
US,51,4939
US,141,17498
US,0,3
US,579,59913
US,101,9157
US,23,5584
US,70,6159
US,9,1266
US,23,2057
US,11,1421
US,135,12948
US,77,6317
US,519,42574
US,106,10361
US,445,76600
US,18,2474
US,14,1575
US,81,7605
US,802,81204
US,39,1891
US,189,15058
US,514,46151
US,5065,66
US,70,6858
US,325,35285
US,30,4837
US,93,5073
US,36,4140
US,94,6611
US,55,5445
US,244,19530
US,1693,216951
US,275,28971
US,901,100711
US,121,12654
US,120,8751
US,1284,124359
US,270,26876
US,28,2985
US,82,3701
US,204,17386
US,63,2984
US,74,4926
US,182,14090
US,435,41291
US,101,8155
US,146,10719
US,41,3098
US,165,9069
US,164,13654
US,150,16256
US,155,8582
US,503,30191
US,179,15090
US,794,61477
US,163,8378
US,331,24235
US,111,6424
US,69,5205
US,115,5774
US,160,14364
US,392,21036
US,153,9107
US,723,96944
US,301,25238
US,166,13373
US,614,47804
US,258,16226
US,489,30065
US,175,14368
US,144,15182
US,163,11067
US,87,5904
US,180,11231
US,119,8172
US,661,51015
US,167,14246
US,256,22957
US,106,6543
US,405,31801
US,2008,134438
US,285,14516
US,701,39768
US,3238,268696
US,217,14072
US,30,2619
US,175,10908
US,325,34476
US,174,12319
US,305,19602
US,74,3119
US,177,15737
US,19,1769
US,106,5941
US,137,6907
US,52,4345
US,73,5883
US,55,4497
US,627,47697
US,63,7909
US,92,3538
US,138,11196
US,163,7013
US,150,10091
US,61,6084
US,115,9473
US,191,17143
US,64,6156
US,967,84866
US,112,5626
US,126,11487
US,86,6403
US,22,2663
US,463,60936
US,94,3996
US,274,0
US,23,2347
US,691,70796
US,82,4932
US,453,35132
US,172,10451
US,30,2380
US,262,24854
US,95,7179
US,363,23519
US,144,7610
US,102,8268
US,91,11448
US,52,1805
US,15,938
US,68,3248
US,80,3432
US,25,1311
US,82,7244
US,528,38980
US,70,6535
US,89,6386
US,67,5539
US,66,6988
US,62,3817
US,26,3072
US,84,5680
US,88,3333
US,49,5035
US,181,12769
US,75,3581
US,37,3163
US,43,2701
US,54,4843
US,81,4033
US,173,13865
US,59,5064
US,160,26870
US,35,1825
US,29,1847
US,71,4777
US,165,11291
US,78,4742
US,330,31008
US,56,2698
US,88,4959
US,69,4184
US,50,2960
US,29,1641
US,28,2051
US,50,3055
US,48,2773
US,90,3998
US,51,3287
US,71,5070
US,101,3846
US,84,6516
US,37,2312
US,44,3073
US,51,2148
US,54,4332
US,75,5537
US,124,10453
US,63,4424
US,183,44987
US,84,6467
US,55,2479
US,98,4362
US,149,9232
US,668,64756
US,68,2949
US,34,2186
US,55,3164
US,46,3704
US,95,5800
US,136,8910
US,136,11469
US,47,4004
US,51,2839
US,53,2091
US,52,2200
US,60,2596
US,139,11265
US,73,3887
US,23,1575
US,56,3845
US,41,2416
US,114,7174
US,31,1942
US,1230,147524
US,354,27969
US,65,4672
US,42,1318
US,43,2888
US,449,49015
US,59,3178
US,99,8987
US,104,23335
US,101,4671
US,25,1535
US,0,0
US,56,3186
US,28,1699
US,222,10439
US,157,14506
US,89,6822
US,35,1520
US,186,12112
US,48,3466
US,56,4503
US,357,33209
US,17,2048
US,71,4051
US,65,5127
US,38,2585
US,45,5063
US,13,1234
US,124,7689
US,64,5619
US,51,3159
US,238,22573
US,10,798
US,22,1000
US,99,7447
US,16,733
US,8,609
US,49,2452
US,50,2672
US,48,2833
US,18,548
US,176,12437
US,148,15195
US,22,790
US,107,5906
US,39,2850
US,176,34368
US,16,679
US,13,699
US,92,8442
US,34,2461
US,128,13435
US,123,12512
US,104,8235
US,90,11418
US,24,967
US,20,757
US,40,2800
US,25,1429
US,6,391
US,26,2222
US,6,553
US,29,1920
US,137,11960
US,15,1137
US,13,509
US,40,4640
US,71,5764
US,17,954
US,1377,178296
US,22,1381
US,30,2341
US,8,775
US,89,7991
US,12,370
US,211,24249
US,12,740
US,36,3490
US,16,1021
US,136,12076
US,56,4032
US,51,2962
US,142,9609
US,27,1439
US,107,9651
US,26,1759
US,181,10986
US,33,1769
US,12,742
US,67,3796
US,80,6105
US,19,907
US,39,2457
US,68,4894
US,21,1012
US,24,1453
US,0,0
US,27,2614
US,33,1691
US,70,7110
US,40,2281
US,11,805
US,279,22806
US,22,1551
US,33,3082
US,110,16451
US,21,1581
US,24,965
US,43,2155
US,275,17109
US,38,1577
US,1709,171398
US,71,8510
US,740,60744
US,19,902
US,23,1812
US,9,839
US,32,1401
US,12,530
US,27,1923
US,85,6649
US,31,3022
US,15,947
US,0,0
US,24,1996
US,8,488
US,27,1633
US,10,598
US,56,3456
US,17,1036
US,528,54648
US,115,7849
US,125,8543
US,79,8514
US,38,1751
US,239,17377
US,53,4665
US,173,11175
US,353,47400
US,74,7822
US,212,22965
US,165,11447
US,29,2761
US,72,5402
US,89,6698
US,258,29211
US,58,4769
US,66,5085
US,105,11819
US,212,30220
US,24,1357
US,55,4334
US,123,12062
US,84,5400
US,235,20166
US,83,14559
US,110,9744
US,58,4788
US,59,2850
US,35,2776
US,447,38888
US,57,3299
US,22,3701
US,58,5308
US,727,123211
US,74,4992
US,256,16967
US,192,18619
US,35,1483
US,57,2809
US,93,6043
US,74,9998
US,205,13675
US,151,10071
US,51,4849
US,159,16837
US,30,3156
US,491,43810
US,234,12843
US,91,8537
US,110,6908
US,185,17694
US,61,6406
US,31,1109
US,284,19791
US,84,5233
US,2681,283708
US,168,19158
US,138,9104
US,472,54205
US,77,6088
US,174,15023
US,80,4832
US,290,27059
US,80,5560
US,59,3512
US,60,5226
US,139,9862
US,95,5767
US,151,8936
US,67,3104
US,140,10360
US,41,3623
US,310,35555
US,62,5149
US,92,8059
US,129,10265
US,54,4235
US,118,6323
US,313,23983
US,91,7724
US,62,3347
US,69,7499
US,36,2376
US,118,9476
US,77,3739
US,90,4508
US,128,11391
US,36,6747
US,135,13325
US,171,19282
US,35,2726
US,123,8965
US,164,23729
US,40,3129
US,34,2098
US,43,4384
US,211,16035
US,367,25198
US,51,6503
US,329,22161
US,23,879
US,70,6680
US,79,9819
US,100,8412
US,124,22918
US,186,16931
US,104,7547
US,67,7089
US,146,11868
US,48,3570
US,50,5128
US,48,2761
US,0,2504
US,63,5532
US,428,55374
US,71,5103
US,106,8354
US,52,4920
US,234,17191
US,31,3577
US,60,9530
US,311,18944
US,147,9060
US,311,45368
US,73,6803
US,218,14381
US,145,11209
US,117,5002
US,549,51124
US,1289,88694
US,746,68184
US,58,4607
US,10,1387
US,63,3141
US,85,4113
US,91,6468
US,146,9787
US,1430,144599
US,39,3349
US,179,8365
US,165,10224
US,195,8879
US,100,7541
US,274,23908
US,157,11668
US,85,5604
US,1471,142493
US,174,8197
US,72,5091
US,542,79177
US,411,35001
US,161,15460
US,488,47327
US,65,3940
US,145,8513
US,188,13037
US,1196,114250
US,866,64890
US,0,0
US,49,7939
US,98,7975
US,612,42728
US,59,2577
US,107,9019
US,127,8030
US,120,14458
US,158,17250
US,27,2276
US,80,7351
US,191,13287
US,437,27848
US,199,15850
US,288,15309
US,943,91451
US,674,45249
US,13,1334
US,454,38963
US,0,1242
US,144,8802
US,247,19103
US,202,11781
US,276,16287
US,203,14458
US,93,9676
US,77,4853
US,51,3364
US,75,5565
US,335,28509
US,199,18328
US,498,66462
US,71,7323
US,119,10199
US,309,30176
US,55,8147
US,44,6944
US,0,0
US,177,14603
US,391,37661
US,46,3929
US,48,7034
US,123,12972
US,0,1
US,80,8086
US,72,5748
US,361,52008
US,392,21731
US,1277,119808
US,2826,172399
US,1966,149524
US,173,14785
US,92,7330
US,475,28133
US,286,20355
US,408,38706
US,116,9556
US,620,58504
US,124,7197
US,679,50109
US,462,64177
US,79,3953
US,2375,245966
US,2386,229478
US,131,8845
US,79,6190
US,251,24582
US,115,7234
US,35,0
US,643,40989
US,366,24868
US,188,10878
US,785,49617
US,480,35456
US,2555,182344
US,26,8316
US,3272,256987
US,198,14736
US,2138,172065
US,453,39721
US,4822,437431
US,2330,173673
US,1962,143587
US,2242,268158
US,5,201538
US,3065,240708
US,79,1933
US,19,2125
US,404,32211
US,161,6584
US,76,5281
US,88,3914
US,62,2613
US,193,16986
US,690,31763
US,77,4143
US,691,42080
US,214,13520
US,686,42622
US,172,13133
US,70,5871
US,131,5802
US,120,10283
US,185,8182
US,240,28166
US,37,3200
US,191,12472
US,131,9390
US,474,35077
US,109,7617
US,5,329
US,2020,125355
US,135,6802
US,78,4306
US,275,21552
US,211,13048
US,225,12764
US,108,9587
US,166,9757
US,909,84928
US,208,20016
US,177,5696
US,101,3614
US,238,17995
US,645,50425
US,819,75822
US,70,4512
US,1859,201888
US,16,664
US,42,2471
US,476,24350
US,67,4441
US,365,30950
US,540,58293
US,24,1676
US,40,2997
US,4613,300709
US,107,4865
US,170,19376
US,117,8357
US,129,10312
US,85,7183
US,181,42516
US,265,23527
US,71,3591
US,538,48415
US,247,17949
US,53,1998
US,722,48751
US,183,13711
US,4563,385029
US,106,7754
US,121,5082
US,45,1344
US,99,6012
US,61,1696
US,117,6790
US,928,87973
US,55,9333
US,66,2383
US,130,5630
US,1087,61110
US,226,10617
US,19,2234
US,269,22230
US,947,50560
US,238,16096
US,316,15728
US,0,29
US,333,20826
US,643,109512
US,9107,537017
US,129,8674
US,65,3702
US,886,119415
US,102,10509
US,141,14406
US,202,17064
US,11,1781
US,126,21404
US,90,7995
US,124,11461
US,145,32053
US,96,8642
US,55,3828
US,135,17290
US,140,23726
US,32,2543
US,6,826
US,43,3796
US,190,19391
US,912,137144
US,24,6739
US,140,13432
US,61,4474
US,36,5885
US,91,10580
US,155,15617
US,16,1822
US,2952,386090
US,28,5497
US,70,6122
US,132,11756
US,175,13638
US,22,2675
US,62,4362
US,152,15945
US,32,1253
US,44,3717
US,31,2201
US,35,2651
US,7,927
US,55,7498
US,7,1520
US,82,8301
US,19,2190
US,25,2530
US,76,6695
US,122,13049
US,83,7209
US,135,8464
US,120,11179
US,83,13867
US,22,2401
US,76,9889
US,66,8185
US,17,1801
US,230,53171
US,191,16465
US,44,4333
US,76,8584
US,37,2408
US,128,10695
US,24,3984
US,1544,159678
US,14,1071
US,58,4785
US,59,4573
US,208,20749
US,35,2788
US,48,5066
US,295,48027
US,200,31981
US,29,4257
US,623,60656
US,422,61649
US,77,12045
US,17,3314
US,34,2726
US,73,8475
US,12,1047
US,421,896
US,20,6678
US,67,5241
US,46,6373
US,571,82684
US,26,3458
US,26,1951
US,84,15942
US,344,42819
US,33,3160
US,153,8590
US,174,12815
US,70,3885
US,124,6811
US,51,2819
US,194,11630
US,79,5590
US,59,3088
US,105,7015
US,36,2901
US,50,2565
US,112,4890
US,104,6224
US,139,8205
US,129,9238
US,122,8683
US,593,61488
US,330,27523
US,40,2368
US,92,8780
US,61,3897
US,142,6443
US,163,14973
US,714,66104
US,859,68037
US,107,5247
US,48,2397
US,9,307
US,152,9449
US,503,45938
US,86,6153
US,40,1791
US,57,3669
US,316,26502
US,52,2648
US,189,18938
US,170,22073
US,386,22120
US,61,4566
US,127,7703
US,333,34009
US,183,8667
US,166,10505
US,258,21310
US,353,31893
US,152,8795
US,191,12052
US,232,13798
US,83,3702
US,247,12873
US,107,7137
US,52,3635
US,173,13773
US,180,12443
US,289,17821
US,66,3754
US,196,12832
US,159,12842
US,115,10252
US,35,1835
US,529,47012
US,123,7887
US,28,1169
US,161,8673
US,72,5063
US,82,6731
US,135,7106
US,71,3888
US,158,8703
US,117,8946
US,123,7721
US,50,3057
US,0,0
US,136,11645
US,84,4689
US,219,12825
US,214,13015
US,91,6967
US,76,4069
US,47,1943
US,105,6747
US,63,4831
US,118,10078
US,71,6722
US,66,5665
US,24,1815
US,125,6866
US,151,7963
US,56,3371
US,102,4457
US,113,5499
US,48,3260
US,299,53197
US,349,29734
US,182,12433
US,42,2076
US,148,14439
US,197,10881
US,275,23434
US,48,2691
US,24,1761
US,348,30193
US,61,3751
US,43,1996
US,292,24975
US,49,1922
US,412,33549
US,130,5749
US,306,24120
US,81,4792
US,117,6579
US,49,1815
US,83,4697
US,32,2027
US,51,2551
US,93,3966
US,87,3059
US,138,9718
US,415,31433
US,115,4094
US,37,2690
US,1156,84976
US,75,3140
US,36,2465
US,96,7064
US,59,2408
US,34,1314
US,38,2972
US,233,10995
US,50,2695
US,1389,121175
US,585,40835
US,750,67882
US,153,14723
US,1350,139772
US,16,1189
US,193,9621
US,146,9250
US,186,9297
US,44,3365
US,162,18483
US,76,3167
US,109,4454
US,68,4264
US,59,4264
US,42,1966
US,135,9802
US,80,6205
US,17,903
US,129,7090
US,65,4425
US,61,4386
US,52,2509
US,63,3116
US,125,4920
US,93,6109
US,223,13831
US,51,7218
US,41,2432
US,52,3793
US,66,2035
US,87,3800
US,51,6336
US,191,14937
US,263,12903
US,65,5220
US,108,12814
US,121,9932
US,132,10785
US,26,1177
US,30,2948
US,116,7202
US,102,6208
US,27,1392
US,68,3194
US,118,7228
US,26,896
US,20,839
US,172,13875
US,43,1916
US,18,2075
US,1050,119652
US,45,2618
US,330,23553
US,3746,294789
US,869,76241
US,42,4846
US,152,7191
US,132,6942
US,29,2048
US,252,16064
US,113,5677
US,0,0
US,116,6150
US,116,9926
US,154,7086
US,58,2979
US,165,10347
US,5,559
US,95,4585
US,32,2469
US,103,5861
US,34,2590
US,22,1545
US,30,2465
US,5,291
US,375,30042
US,15,1360
US,53,3518
US,9,485
US,60,2767
US,30,3255
US,12,798
US,61,2966
US,303,33849
US,134,41596
US,3,251
US,77,4730
US,5,178
US,10,672
US,77,5400
US,26,3149
US,1,283
US,107,8334
US,202,21851
US,4,528
US,96,5632
US,23,2392
US,9,452
US,12,597
US,17,1367
US,224,34011
US,31,1107
US,39,5132
US,1,45
US,30,1146
US,11,1477
US,10,418
US,32,2218
US,4,292
US,173,8512
US,39,3014
US,76,4013
US,63,3112
US,53,2435
US,13,917
US,139,9930
US,32,1731
US,13,911
US,27,1539
US,25,1411
US,1,148
US,0,0
US,42,2164
US,14,459
US,8,246
US,605,51325
US,92,7830
US,20,1295
US,1,34
US,2,104
US,4,76
US,15,1285
US,26,2524
US,13,485
US,7,655
US,149,14323
US,26,1546
US,20,2320
US,55,7291
US,28,1759
US,11,891
US,14,637
US,30,2403
US,33,1740
US,32,2972
US,27,2046
US,39,2397
US,87,7991
US,26,1512
US,90,5975
US,4,360
US,19,1405
US,162,12048
US,1296,179702
US,6,410
US,19,1319
US,14,509
US,4,621
US,18,1327
US,62,4614
US,5,486
US,11,469
US,9,452
US,6,114
US,7,470
US,192,19550
US,28,2851
US,7,395
US,0,109
US,14,636
US,26,2615
US,5,129
US,26,1341
US,15,1434
US,19,945
US,13,1422
US,31,1796
US,0,136
US,16,832
US,19,1969
US,481,94771
US,147,10809
US,0,164
US,0,92
US,86,11571
US,1,77
US,27,2076
US,36,1351
US,18,898
US,31,1597
US,19,1104
US,29,3903
US,8,520
US,13,579
US,27,2783
US,29,1541
US,89,10382
US,27,1382
US,28,2707
US,35,2285
US,3,194
US,19,4452
US,338,58879
US,58,5594
US,156,11443
US,57,3759
US,41,1145
US,9,688
US,1,82
US,13,757
US,13,1298
US,1,113
US,37,2146
US,21,1502
US,12,875
US,54,5492
US,19,2142
US,15,851
US,2,139
US,36,4726
US,238,17441
US,123,7624
US,9313,671243
US,98,8816
US,152,12918
US,5,124
US,2,191
US,67,2791
US,22,1350
US,11,681
US,185,12266
US,20,1503
US,305,9156
US,32,2361
US,14,197
US,0,11506
US,1309,128178
US,26,1776
US,217,17508
US,76,12304
US,134,19089
US,134,8341
US,103,23354
US,1042,121573
US,308,40280
US,655,84642
US,249,37116
US,84,11891
US,1,2330
US,1083,91788
US,3733,326525
US,1377,141872
US,1974,169517
US,332,30511
US,664,52840
US,3771,291824
US,1051,91632
US,2855,238646
US,307,34702
US,1348,111477
US,3040,275803
US,2384,223671
US,1678,165862
US,3282,215999
US,2460,193557
US,262,18584
US,1030,98247
US,519,45639
US,0,1646
US,2498,196497
US,367,32145
US,2251,197256
US,23,530
US,362,24728
US,213,9347
US,71,2806
US,235,15396
US,6,755
US,937,76839
US,327,19276
US,115,9894
US,18,1375
US,4,103
US,17,1339
US,410,22978
US,75,6600
US,25,4587
US,152,8014
US,656,33328
US,22,986
US,228,17130
US,70,2564
US,167,13353
US,110,6228
US,863,52461
US,85,7662
US,516,45050
US,400,40271
US,87,2495
US,102,4752
US,108,7287
US,61,3331
US,0,7215
US,20,933
US,325,24060
US,617,79420
US,164,10902
US,8529,553117
US,604,59296
US,252,19417
US,182,20651
US,340,29741
US,265,26845
US,141,11907
US,132,22943
US,175,14041
US,135,13569
US,93,10245
US,739,85482
US,2922,271310
US,84,7832
US,58,12239
US,186,16758
US,208,16743
US,155,11130
US,5,1105
US,214,17616
US,160,27473
US,14205,963672
US,58,7412
US,141,14516
US,146,16984
US,1854,193746
US,238,15172
US,4337,550940
US,6168,596334
US,637,60061
US,881,69636
US,1207,143714
US,222,26432
US,1255,146219
US,131,10655
US,238,34956
US,108,13425
US,563,0
US,149,31777
US,13415,904779
US,316,42135
US,2708,227585
US,978,119199
US,417,62003
US,379,44064
US,44,6647
US,32,4364
US,95,7754
US,223,26587
US,278,25561
US,4963,569776
US,154,24840
US,95,14190
US,102,26871
US,420,43566
US,2,985
US,157,19090
US,137,16025
US,203,22104
US,3002,336689
US,96,10020
US,43,4471
US,572,61903
US,159,12774
US,21,3767
US,113,8468
US,95,7621
US,48,5553
US,187,16121
US,78,5475
US,149,12133
US,378,41118
US,701,71015
US,366,32001
US,567,72323
US,357,30392
US,10,2207
US,164,18539
US,61,6639
US,678,60653
US,131,18211
US,137,8781
US,66,5296
US,51,3486
US,453,36816
US,294,19242
US,263,32145
US,740,116118
US,40,6320
US,33,10060
US,500,56254
US,124,14938
US,263,20962
US,395,103313
US,178,17608
US,969,125590
US,96,26480
US,970,81942
US,22,2457
US,31,2968
US,129,19634
US,78,7207
US,1459,160748
US,206,18892
US,377,42805
US,262,17219
US,374,33308
US,101,6384
US,140,19537
US,15,1706
US,551,61898
US,109,12191
US,501,75853
US,49,2916
US,177,20141
US,248,20330
US,205,30371
US,138,9815
US,90,6307
US,100,7620
US,196,17360
US,1892,368329
US,43,4779
US,148,9045
US,381,31722
US,372,32682
US,467,64577
US,97,5934
US,431,65255
US,158,39406
US,37,3471
US,135,10706
US,154,18749
US,26,3569
US,120,12184
US,287,67103
US,72,5049
US,513,44680
US,212,16470
US,598,52256
US,329,27690
US,636,51689
US,433,21683
US,211,23581
US,148,12892
US,291,24087
US,205,15641
US,421,28679
US,53,5021
US,87,8370
US,10,1228
US,0,0
US,531,79423
US,137,15882
US,1311,391609
US,52,5862
US,57,3908
US,78,15101
US,452,42033
US,308,23073
US,360,27780
US,144,15174
US,70,6341
US,10,689
US,47,3601
US,23,2288
US,1,170
US,26,1887
US,9,932
US,3,491
US,303,41126
US,333,71291
US,7,975
US,39,1794
US,4,599
US,8,1198
US,6,896
US,18,840
US,23,1169
US,4,515
US,125,27002
US,11,556
US,2,678
US,8,957
US,13,597
US,20,1168
US,12,557
US,31,1576
US,9,896
US,25,3650
US,49,3182
US,24,2997
US,142,13245
US,37,3882
US,18,930
US,5,378
US,16,2396
US,32,1250
US,57,4354
US,28,1926
US,15,664
US,23,4803
US,43,7963
US,9,1310
US,7,345
US,19,1658
US,0,72
US,86,13816
US,2,436
US,97,8281
US,12,759
US,26,2491
US,238,0
US,34,4134
US,251,24090
US,12,1219
US,68,12271
US,41,13666
US,165,8909
US,510,33974
US,236,14914
US,472,25902
US,158,19996
US,203,14299
US,344,19256
US,198,14169
US,1254,116682
US,136,6332
US,159,10797
US,624,43582
US,619,65558
US,184,12831
US,512,29780
US,169,10094
US,230,14216
US,4130,350654
US,249,15106
US,176,12408
US,304,56138
US,294,25021
US,463,47453
US,134,9405
US,2832,366781
US,185,12628
US,141,10502
US,294,20552
US,544,48477
US,166,13659
US,2240,238207
US,296,21443
US,167,8837
US,82,4144
US,114,7901
US,190,13505
US,132,8642
US,191,5859
US,232,17989
US,150,11837
US,345,18813
US,250,16550
US,826,61985
US,290,24462
US,523,52928
US,180,12777
US,1064,89885
US,1523,126129
US,145,11605
US,1189,67576
US,287,24520
US,541,50941
US,106,6419
US,147,11372
US,519,31994
US,85,4247
US,2215,162583
US,62,4123
US,113,9404
US,324,31774
US,61,3911
US,154,10862
US,78,5564
US,134,10359
US,243,21284
US,138,9998
US,489,44355
US,208,11659
US,166,9940
US,548,39253
US,327,25027
US,263,17612
US,282,27836
US,250,15784
US,203,13326
US,1827,98019
US,1859,143348
US,1018,52689
US,543,25479
US,2,0
US,117,19949
US,162,8157
US,60,3697
US,647,72639
US,247,15502
US,476,28587
US,175,11940
US,395,38658
US,111,6692
US,79,9855
US,17,1885
US,58,4723
US,11,1185
US,109,7303
US,51,2931
US,149,17397
US,191,10214
US,434,48385
US,266,19415
US,167,17565
US,73,5068
US,9,714
US,909,100720
US,26,2119
US,432,39391
US,35,1698
US,63,6017
US,362,22790
US,181,9756
US,222,13701
US,35,1237
US,12,1040
US,318,18127
US,157,8648
US,267,17218
US,17,1260
US,43,1601
US,15,904
US,13,838
US,42,3324
US,67,3106
US,116,8265
US,29,1602
US,60,3934
US,236,15752
US,74,4859
US,59,2410
US,42,2721
US,120,15575
US,152,9963
US,179,13632
US,46,3983
US,44,2550
US,48,5692
US,178,13322
US,145,14811
US,176,9740
US,133,5557
US,88,5345
US,384,24414
US,48,3610
US,46,3232
US,66,4249
US,2735,245039
US,212,11739
US,186,13936
US,136,11692
US,0,0
US,88,5072
US,194,23351
US,234,13876
US,171,16719
US,317,26892
US,48,3278
US,16,1117
US,415,31643
US,144,7783
US,117,12951
US,217,13523
US,58,7045
US,38,1828
US,2396,212876
US,2164,152
US,304,27073
US,291,15779
US,59,3299
US,46,2738
US,87,6175
US,64,3839
US,93,22192
US,811,84357
US,63,6364
US,123,10160
US,198,14955
US,98,7955
US,70,4676
US,389,61720
US,472,26067
US,6,324
US,26,2251
US,42,1972
US,49,4681
US,637,54594
US,105,9056
US,412,20978
US,255,17950
US,34,1653
US,713,79852
US,113,9333
US,335,33388
US,126,9721
US,854,88351
US,37,3404
US,1480,171526
US,169,20575
US,6,390
US,79,5031
US,252,26508
US,0,3
US,95,5848
US,23,1576
US,77,6709
US,783,122406
US,3,303
US,281,22896
US,424,31676
US,3838,339976
US,386,18397
US,848,49038
US,289,12845
US,1778,126969
US,689,35199
US,234,20762
US,2167,156462
US,835,55245
US,815,43568
US,22,1035
US,346,20240
US,397,44220
US,1336,117917
US,223,9927
US,399,24425
US,142,11183
US,277,19721
US,363,24932
US,974,63042
US,1080,72651
US,2086,141966
US,121,8605
US,899,72139
US,759,39057
US,35,2550
US,801,51643
US,73,5067
US,120,10696
US,280,13887
US,396,21937
US,266,11268
US,193,5742
US,908,59181
US,2090,150890
US,465,23172
US,574,45680
US,1396,111635
US,1586,94872
US,590,35015
US,175,9809
US,546,28403
US,304,15166
US,596,48163
US,2657,200208
US,98,5989
US,1250,100150
US,591,28684
US,198,10451
US,5549,394710
US,112,13435
US,104,3882
US,759,42680
US,169,9772
US,443,22271
US,38,1390
US,135,10136
US,221,10189
US,0,0
US,159,13563
US,272,13835
US,242,9754
US,730,63639
US,204,13364
US,1557,99366
US,121,6563
US,1668,147850
US,0,6873
US,0,12796
US,0,16396
US,0,8382
US,0,8444
US,0,8391
US,0,29855
US,0,5679
US,0,7631
US,0,9554
US,0,66656
US,0,14231
US,0,44456
US,0,11445
US,0,13002
US,0,51188
US,0,7355
US,0,14712
US,0,3256
US,0,5339
US,0,14325
US,0,11733
US,0,6058
US,0,12137
US,0,540
US,0,12356
US,0,9675
US,0,4760
US,0,3938
US,0,12231
US,0,5881
US,0,30371
US,0,14835
US,0,12064
US,0,5091
US,0,17357
US,0,14284
US,0,5642
US,0,14766
US,0,12948
US,0,6978
US,0,11260
US,0,2889
US,0,12316
US,0,5705
US,0,5221
US,0,12613
US,0,1620
US,0,3340
US,0,22561
US,0,13331
US,0,9268
US,0,7354
US,0,9769
US,0,6613
US,0,434
US,0,5801
US,0,5880
US,0,42065
US,0,9062
US,0,4406
US,0,14471
US,0,6516
US,0,8543
US,0,9243
US,0,101521
US,0,11965
US,0,13872
US,0,6709
US,0,21933
US,0,24623
US,0,19390
US,5823,25651
US,0,8357
US,0,12092
US,0,20382
US,0,1800
US,0,7630
US,0,10310
US,0,11342
US,0,0
US,193,17778
US,572,64423
US,106,26526
US,2724,278748
US,3,30145
US,272,43077
US,78,7826
US,457,52428
US,24,2429
US,1112,70200
US,80,4295
US,106,6803
US,436,54220
US,494,66396
US,63,3615
US,1051,139282
US,334,18526
US,162,12714
US,211,14947
US,169,10814
US,233,11436
US,347,22359
US,156,11769
US,563,71341
US,79,8423
US,116,7690
US,696,50562
US,243,19822
US,2154,207151
US,334,26923
US,95,6070
US,1286,120997
US,101,7299
US,285,27965
US,309,31562
US,321,23072
US,100,5112
US,975,124164
US,172,10679
US,117,9949
US,43,2756
US,225,16493
US,392,29076
US,459,29721
US,689,54706
US,1050,161232
US,86,4681
US,1663,117410
US,437,35665
US,0,0
US,169,9971
US,158,10407
US,770,95610
US,18,899
US,64,5577
US,16,948
US,42,2569
US,67,9517
US,135,12185
US,27,1685
US,18,693
US,49,3252
US,7,306
US,38,3679
US,12,976
US,28,3951
US,107,10635
US,18,1196
US,29,2489
US,88,7083
US,40,1513
US,12,1200
US,46,3436
US,16,825
US,17,1069
US,44,2495
US,17,712
US,53,2425
US,34,1221
US,12,531
US,41,1806
US,13,679
US,6,744
US,3,222
US,63,5115
US,39,2041
US,9,361
US,21,745
US,20,488
US,2,195
US,27,1568
US,30,2635
US,88,7780
US,116,17489
US,14,1432
US,15,955
US,32,1502
US,16,534
US,68,8389
US,8,653
US,15,539
US,565,65212
US,30,1692
US,62,5060
US,378,38893
US,19,805
US,10,810
US,57,2853
US,8,675
US,39,1692
US,9,737
US,3,269
US,53,3914
US,29,1710
US,70,2292
US,0,0
US,55,4371
US,28,1498
US,64,6992
US,11,716
US,387,27983
US,251,18181
US,102,5711
US,63,5424
US,534,49483
US,458,39220
US,188,16089
US,76,5208
US,172,11688
US,373,21598
US,143,13207
US,102,7157
US,213,11258
US,58,2660
US,245,14862
US,297,21036
US,89,6534
US,350,19583
US,1844,235552
US,113,7768
US,73,4571
US,269,20237
US,223,15767
US,202,14255
US,144,7098
US,206,16220
US,295,21964
US,213,11520
US,122,8299
US,417,28001
US,81,4642
US,386,24702
US,1281,122069
US,43,2639
US,140,9533
US,174,10917
US,376,21720
US,109,8063
US,183,11166
US,179,10220
US,123,8560
US,65,3063
US,86,6156
US,68,3904
US,309,19808
US,111,6116
US,1601,159870
US,47,3184
US,114,9432
US,230,16971
US,69,4164
US,187,11797
US,227,18847
US,160,10411
US,480,39819
US,141,11097
US,137,12736
US,383,35082
US,288,20057
US,144,9583
US,63,4175
US,277,18390
US,638,63699
US,41,2744
US,96,7856
US,217,13497
US,292,63194
US,134,8675
US,60,2810
US,39,2195
US,90,5650
US,323,29759
US,172,11818
US,271,19707
US,333,26090
US,986,117004
US,140,12228
US,74,5167
US,450,36653
US,3677,293983
US,99,7332
US,71,3773
US,817,60331
US,810,65582
US,264,22044
US,48,4738
US,257,43303
US,106,6820
US,84,7006
US,50,2259
US,192,15830
US,551,49960
US,88,6886
US,180,11851
US,145,9884
US,449,76189
US,535,51586
US,256,10975
US,74,5093
US,504,17089
US,98,5550
US,30,2646
US,10,696
US,240,15748
US,84,7014
US,39,1763
US,80,4317
US,254,27354
US,33,937
US,155,9990
US,945,86419
US,6512,698806
US,35,3221
US,2,124
US,76,4896
US,456,24695
US,1039,117112
US,448,75241
US,34,1365
US,8,583
US,55,2083
US,238,15286
US,68,6131
US,180,13620
US,186,17753
US,54,7082
US,80,3508
US,2120,135396
US,78,3600
US,38,1753
US,204,8936
US,48,2811
US,74,12877
US,261,9901
US,35,3056
US,44,2533
US,25,1040
US,21,1083
US,77,2090
US,1621,276773
US,17,898
US,68,4592
US,583,43326
US,83,4047
US,14,1402
US,146,8575
US,235,21396
US,9,392
US,25,1555
US,20,1397
US,46,2311
US,14,558
US,44,2446
US,7133,696583
US,101,3589
US,112,7311
US,118,5833
US,27,2070
US,1447,224101
US,16,522
US,52,6204
US,26,1327
US,74,4364
US,120,3433
US,734,44146
US,12,584
US,3895,256001
US,616,57881
US,132,10013
US,70,4498
US,193,8129
US,118,5504
US,27,736
US,50,2362
US,12,254
US,1247,245946
US,46,2675
US,87,4320
US,95,6685
US,85,2403
US,901,120012
US,30,1506
US,120,6290
US,3,234
US,34,1567
US,106,5373
US,133,7119
US,684,31791
US,724,27227
US,128,10216
US,429,45756
US,251,8499
US,24,1310
US,36,2112
US,31,2337
US,21,650
US,261,14666
US,11623,1275028
US,238,15858
US,3,1503
US,40,1133
US,570,78740
US,9,1482
US,446,18557
US,4032,267945
US,204,10221
US,169,9445
US,299,15046
US,193,8749
US,121,5013
US,193,8056
US,18,1173
US,375,19874
US,149,7653
US,3,605
US,32,1667
US,63,3991
US,202,8235
US,10,278
US,880,63229
US,23,3805
US,225,14214
US,782,52246
US,97,5359
US,75,6403
US,559,42740
US,134,9830
US,2,104
US,4,223
US,204,11089
US,16,939
US,0,56
US,14,831
US,155,9297
US,25,656
US,50,2597
US,281,12051
US,127,5222
US,96,6392
US,124,4916
US,63,5254
US,95,4321
US,417,22288
US,137,6117
US,17,811
US,43,2427
US,102,5125
US,1,403
US,1394,113683
US,41,1706
US,59,4330
US,62,2041
US,26,1412
US,13,1059
US,185,10324
US,479,24188
US,51,1957
US,971,75252
US,10,186
US,213,12177
US,13,658
US,516,48100
US,109,6024
US,39,1622
US,52,2122
US,136,5412
US,1383,172263
US,115,6348
US,76,3028
US,13,325
US,280,15006
US,233,14507
US,64,1756
US,108,3569
US,1586,119838
US,50,2674
US,6,650
US,381,17274
US,158,8074
US,138,5801
US,491,40456
US,54,2689
US,72,3642
US,265,9374
US,788,43535
US,42,1215
US,62,2274
US,513,29975
US,16,999
US,25,1023
US,74,2772
US,77,5644
US,40,2296
US,2,197
US,79,5392
US,285,31784
US,72,2756
US,244,12738
US,94,1536
US,47,1222
US,110,6750
US,363,14586
US,40,1503
US,9,601
US,108,6167
US,12,1101
US,139,5401
US,16,540
US,1019,57251
US,37,2230
US,390,24248
US,53,2138
US,9,332
US,7,424
US,14,943
US,34,2690
US,6387,687595
US,773,40969
US,3,141
US,87,2943
US,10,297
US,137,10313
US,485,41194
US,1846,334125
US,81,3268
US,91,5192
US,35,101465
US,196,9110
US,19,963
US,152,11540
US,312,15879
US,300,12787
US,428,23239
US,216,22514
US,112,11642
US,50,3328
US,157,11037
US,1081,111910
US,230,11597
US,25,1354
US,751,41356
US,93,4264
US,137,8775
US,941,170638
US,167,12865
US,36,2226
US,285,19687
US,308,9832
US,43,1648
US,103,4499
US,57,4522
US,70,4539
US,276,58205
US,179,22956
US,453,120040
US,1830,410508
US,53,5149
US,100,11943
US,708,72559
US,29,15979
US,115,25075
US,124,14966
US,9,4843
US,881,226280
US,38,12224
US,503,89619
US,33,6940
US,94,12193
US,41,6524
US,230,39572
US,4,1461
US,86,11672
US,8,1292
US,28,4351
US,17,5124
US,49,7152
US,98,17030
US,40,4445
US,80,14223
US,53,8915
US,68,11724
US,130,24813
US,119,9119
US,208,25415
US,232,45583
US,111,4561
US,64,3582
US,111,9634
US,62,5018
US,369,66715
US,239,24503
US,21,1082
US,285,22201
US,25,2404
US,118,9990
US,111,6189
US,54,4091
US,150,6192
US,62,4981
US,48,2331
US,237,17713
US,95,9041
US,177,9791
US,31,1715
US,50,3431
US,86,12470
US,565,64364
US,875,100129
US,56,3513
US,112,6338
US,31,1912
US,25,1451
US,179,14440
US,30,1841
US,301,14774
US,71,4888
US,108,7516
US,57,1660
US,43,2836
US,1720,261545
US,51,2741
US,21,3510
US,164,16629
US,55,3719
US,54,6902
US,227,14138
US,57,2681
US,287,26744
US,51,7248
US,86,3293
US,60,5280
US,115,9649
US,64,5779
US,98,5656
US,65,5087
US,45,3908
US,195,9666
US,375,38739
US,348,29106
US,184,15289
US,1083,91424
US,331,16061
US,6,496
US,125,7844
US,129,9221
US,155,21280
US,57,6909
US,52,4733
US,15,1476
US,42,2338
US,131,8477
US,34,2736
US,446,97880
US,102,8936
US,45,3377
US,327,24408
US,48,3172
US,80,11883
US,31,4909
US,126,4575
US,28,2065
US,148,7908
US,55,2530
US,189,25147
US,40,3258
US,45,5973
US,459,49863
US,548,54074
US,78,2909
US,47,2717
US,22,1618
US,103,5684
US,109,9192
US,133,7068
US,123,4991
US,153,10239
US,249,19155
US,31,2983
US,368,26689
US,67,6387
US,89,6813
US,90,11593
US,838,128090
US,170,10977
US,51,5204
US,14,1374
US,30,2922
US,553,61627
US,321,28387
US,440,28360
US,93,5195
US,273,19153
US,139,9531
US,113,7305
US,143,7697
US,263,14037
US,203,12097
US,108,4502
US,342,35404
US,202,42180
US,136,7855
US,346,24459
US,23,1433
US,48,2926
US,224,14063
US,0,0
US,947,115797
US,186,11498
US,261,18222
US,87,7554
US,60,4345
US,25,2326
US,102,8175
US,237,13968
US,173,9713
US,136,13861
US,45,5647
US,86,5606
US,539,62042
US,196,24171
US,209,15809
US,1047,111985
US,18,751
US,424,27341
US,87,13333
US,34,1825
US,227,36835
US,7,503
US,239,31652
US,253,20465
US,124,13800
US,34,4899
US,3512,549865
US,414,52668
US,93,10399
US,61,4321
US,298,20865
US,30,2680
US,183,15817
US,138,10644
US,79,4853
US,44,2979
US,1612,245455
US,3,1994
US,272,28814
US,17,1798
US,1448,205341
US,1686,154262
US,167,10107
US,525,63339
US,6,3297
US,11,640
US,175,19032
US,375,49230
US,102,10115
US,863,83734
US,77,5974
US,347,45181
US,103,8730
US,52,4995
US,112,6303
US,443,34011
US,15,2265
US,54,2717
US,20,2506
US,236,16797
US,23,2538
US,61,4824
US,184,12903
US,75,7326
US,152,8411
US,52,5726
US,290,26120
US,159,8807
US,152,18459
US,881,59239
US,96,6972
US,97,7288
US,205,12944
US,208,20364
US,171,11225
US,111,8945
US,88,7475
US,291,23430
US,167,10268
US,135,10010
US,218,31434
US,50,5911
US,79,5229
US,115,9376
US,199,13888
US,25,2361
US,39,2504
US,36,2571
US,145,11090
US,221,20885
US,424,30655
US,100,12101
US,34,3046
US,52,4510
US,66,3878
US,84,5961
US,39,2444
US,33,2729
US,9,904
US,106,8979
US,149,11718
US,38,2863
US,98,5466
US,28,1742
US,380,28053
US,136,9709
US,70,5855
US,43,4171
US,155,16134
US,49,4388
US,625,103132
US,14,4194
US,45,5145
US,138,16917
US,220,22234
US,133,9070
US,149,19687
US,32,5361
US,647,179419
US,378,33020
US,91,8791
US,95,14473
US,85,15619
US,215,36682
US,17,1350
US,317,39260
US,56,3349
US,163,15513
US,65,11674
US,72,6385
US,34,6894
US,50,1818
US,46,6954
US,270,26944
US,76,9427
US,720,56650
US,71,6842
US,222,43695
US,33,4446
US,108,6762
US,160,9040
US,220,25188
US,550,49540
US,149,14581
US,71,4644
US,16,2411
US,2501,341679
US,113,14773
US,135,13380
US,152,10958
US,451,64645
US,213,27875
US,20,2307
US,78,13517
US,132,15166
US,178,22890
US,42,4090
US,761,71350
US,57,4995
US,463,55399
US,62,4189
US,166,20998
US,71,6060
US,166,14345
US,362,39446
US,168,30696
US,83,5796
US,75,9970
US,0,0
US,119,7686
US,108,6511
US,312,33399
US,52,5041
US,371,46894
US,1248,139825
US,266,16370
US,94,7659
US,418,63957
US,268,27057
US,54,11581
US,66,3086
US,161,13903
US,55,5023
US,58,3686
US,32,1579
US,204,16863
US,65,4604
US,20,1440
US,21,2377
US,322,31608
US,38,4908
US,309,25821
US,12,863
US,153,7713
US,44,2299
US,90,10008
US,28,2316
US,139,12507
US,16,12134
US,43,6406
US,0,0
US,51,2755
US,23,1905
Uganda,3630,170544
Ukraine,2973,163768
Ukraine,2751,126202
Ukraine,3290,150465
Ukraine,5423,212928
Ukraine,9454,303551
Ukraine,5607,216052
Ukraine,3476,181629
Ukraine,6858,305661
Ukraine,2881,107686
Ukraine,3703,201270
Ukraine,8966,445098
Ukraine,5019,226220
Ukraine,1741,45117
Ukraine,2392,80033
Ukraine,6569,303357
Ukraine,3530,146174
Ukraine,5917,325462
Ukraine,4181,179994
Ukraine,2530,171031
Ukraine,2562,99770
Ukraine,3208,182268
Ukraine,2391,146363
Ukraine,5793,589607
Ukraine,3546,149845
Ukraine,2394,132045
Ukraine,2724,112462
Ukraine,5866,215070
Ukraine,3538,192801
United Arab Emirates,2349,1053213
United Kingdom,12,3904
United Kingdom,160,18828
United Kingdom,64,7305
United Kingdom,37,31472
United Kingdom,0,0
United Kingdom,186138,20656177
United Kingdom,0,1930
United Kingdom,111,20433
United Kingdom,66,34991
United Kingdom,116,38008
United Kingdom,161,66391
United Kingdom,8,1403
United Kingdom,5166,713294
United Kingdom,0,4
United Kingdom,0,2166
United Kingdom,16806,2157720
United Kingdom,38,6561
United Kingdom,338,0
United Kingdom,11500,898118
Uruguay,7617,1034303
Uzbekistan,1637,251247
Vanuatu,14,12014
Venezuela,5854,552162
Vietnam,43186,11526994
West Bank and Gaza,5708,703228
Winter Olympics 2022,0,535
Yemen,2159,11945
Zambia,4057,343135
Zimbabwe,5671,264276
